Workbook
Name Срез_Специальность: #N/A
Name Срез_Уровень_обучения: #N/A
Name Срез_Факультет: #N/A

Sheet Данные
A1: Год выпуска | B1: Факультет | C1: Специальность | D1: Уровень обучения | E1: Число выпускников | F1: работать, уже трудоустроен | G1: работать, нахожусь в поиске работы | H1: продолжить обучение | I1: пройти службу в армии | J1: уйти в отпуск по уходу за ребенком
A2: 2022 | B2: Факультет юриспруденции | C2: Юриспруденция | D2: Бакалавриат | E2: 19 | F2: 9 | G2: 6 | H2: 4 | I2: 0 | J2: 0
A3: 2022 | B3: Факультет юриспруденции | C3: Юриспруденция | D3: Специалитет | E3: 61 | F3: 29 | G3: 22 | H3: 2 | I3: 6 | J3: 2
A4: 2022 | B4: Факультет юриспруденции | C4: Юриспруденция | D4: Магистратура | E4: 2 | F4: 2 | G4: 0 | H4: 0 | I4: 0 | J4: 0
A5: 2022 | B5: Факультет лингвистики | C5: Теория и методика преподавания иностранных языков и культур | D5: Специалитет | E5: 7 | F5: 2 | G5: 5 | H5: 0 | I5: 0 | J5: 0
A6: 2022 | B6: Факультет лингвистики | C6: Перевод и переводоведение | D6: Специалитет | E6: 13 | F6: 9 | G6: 4 | H6: 0 | I6: 0 | J6: 0
A7: 2022 | B7: Факультет лингвистики | C7: Лингвистика | D7: Специалитет | E7: 6 | F7: 3 | G7: 3 | H7: 0 | I7: 0 | J7: 0
A8: 2022 | B8: Факультет информатики | C8: Информатика и вычислительная техника | D8: Бакалавриат | E8: 15 | F8: 7 | G8: 4 | H8: 2 | I8: 2 | J8: 0
A9: 2022 | B9: Факультет информатики | C9: Прикладная математика и информатика | D9: Магистратура | E9: 19 | F9: 13 | G9: 6 | H9: 0 | I9: 0 | J9: 0
A10: 2022 | B10: Факультет информатики | C10: Автоматизированные системы обработки информации и управления | D10: Специалитет | E10: 8 | F10: 5 | G10: 3 | H10: 0 | I10: 0 | J10: 0
A11: 2023 | B11: Факультет информатики | C11: Информатика и вычислительная техника | D11: Бакалавриат | E11: 11 | F11: 3 | G11: 2 | H11: 6 | I11: 0 | J11: 0
A12: 2024 | B12: Факультет информатики | C12: Комплексная защита объектов информатизации | D12: Специалитет | E12: 21 | F12: 15 | G12: 4 | H12: 0 | I12: 2 | J12: 0
A13: 2022 | B13: Факультет психологии | C13: Психология | D13: Бакалавриат | E13: 14 | F13: 3 | G13: 6 | H13: 4 | I13: 0 | J13: 1
... A18: 2022 | B18: Факультет управления | C18: Государственное и муниципальное управление | D18: Специалитет | E18: 8 | F18: 4 | G18: 4 | H18: 0 | I18: 0 | J18: 0

Sheet Сводные и срезы
A4: 1 | B4: Сумма по полю работать, уже трудоустроен | C4: Процент работать, уже трудоустроен
B5: 14 | C5: =B$5/B$20 -> 0.041916168
A7: 2 | B7: Сумма по полю работать, нахожусь в поиске работы | C7: Процент по полю работать, нахожусь в поиске работы
B8: 141 | C8: =B8/B20 -> 0.42215569
A10: 3 | B10: Сумма по полю продолжить обучение | C10: Процент по полю продолжить обучение
B11: 22 | C11: =B11/B20 -> 0.065868263
A13: 4 | B13: Сумма по полю пройти службу в армии | C13: Процент по полю пройти службу в армии
B14: 10 | C14: =B14/B20 -> 0.02994012
A16: 5 | B16: Сумма по полю уйти в отпуск по уходу за ребенком | C16: Процент по полю уйти в отпуск по уходу за ребенком
B17: 6 | C17: =B17/B20 -> 0.017964072
A19: 6 | B19: Сумма по полю Число выпускников | C19: Процент по полю Число выпускников
B20: 334 | C20: =B20/B20 -> 1
B21: Общий процент тех, кто занят | C21: Общий процент тех, кто не занят
A22: 7 | B22: =C5+C14+C17 -> 0.089820359 | C22: =C20-B22 -> 0.91017964

Sheet Дашборд
W2: ='Сводные и срезы'!B22 -> 0.089820359
J9: ='Сводные и срезы'!C20 -> 1 | R9: ='Сводные и срезы'!B5 -> 14 | Z9: ='Сводные и срезы'!B11 -> 22
J10: ='Сводные и срезы'!B20 -> 334 | R10: ='Сводные и срезы'!C5 -> 0.041916168 | Z10: ='Сводные и срезы'!C11 -> 0.065868263
J21: ='Сводные и срезы'!B14 -> 10 | R21: ='Сводные и срезы'!B17 -> 6 | Z21: ='Сводные и срезы'!B8 -> 141
J22: ='Сводные и срезы'!C14 -> 0.02994012 | R22: ='Сводные и срезы'!C17 -> 0.017964072 | Z22: ='Сводные и срезы'!C8 -> 0.42215569
